DIVISION,DEPARTMENT,CLASS,CATEGORY
,,,
GAP MENS,MENS WOVEN TOPS,MENS RED WOVEN TOPS,MENS_TOPS_WOVEN
GAP MENS,MENS WOVEN TOPS,S/S SHIRTS,MENS_TOPS_WOVEN
GAP MENS,MENS WOVEN TOPS,L/S FASHION,MENS_TOPS_WOVEN
GAP MENS,MENS WOVEN TOPS,BASIC HABERDASHERY,MENS_TOPS_WOVEN
GAP MENS,MENS KNITS,BASIC TEES,MENS_TOPS_KNITS
GAP MENS,MENS KNITS,L/S KNITS,MENS_TOPS_KNITS
GAP MENS,MENS KNITS,MENS RED KNITS,MENS_TOPS_KNITS
GAP MENS,MENS KNITS,S/S KNITS,MENS_TOPS_KNITS
GAP MENS,MENS KNITS,POLO,MENS_TOPS_KNITS
GAP MENS,MENS KNITS,NOVETY TEES,MENS_TOPS_KNITS
GAP MENS,MENS KNITS,FLEECE,MENS_TOPS_KNITS
GAP MENS,MENS FIT,L/S KNITS,MENS_TOPS_KNITS
GAP MENS,MENS FIT,S/S KNITS,MENS_TOPS_KNITS
GAP MENS,MENS FIT,TANKS,MENS_TOPS_KNITS
GAP MENS,MENS OUTERWEAR,MENS RED OUTERWEAR,MENS_OUTERWEAR_JACKET_LIKE
GAP MENS,MENS OUTERWEAR,WOOL JACKETS,MENS_OUTERWEAR_JACKET_LIKE
GAP MENS,MENS OUTERWEAR,VESTS,MENS_OUTERWEAR_JACKET_LIKE
GAP MENS,MENS OUTERWEAR,LEATHER,MENS_OUTERWEAR_JACKET_LIKE
GAP MENS,MENS OUTERWEAR,JACKETS,MENS_OUTERWEAR_JACKET_LIKE
GAP MENS,MENS OUTERWEAR,BLAZERS,MENS_OUTERWEAR_JACKET_LIKE
GAP MENS,MENS FIT,OUTERWEAR,MENS_OUTERWEAR_JACKET_LIKE
GAP MENS,MENS SWEATERS,WOOL/WOOL BLEND,MENS_OUTERWEAR_SWEATER_LIKE
GAP MENS,MENS SWEATERS,MENS RED SWEATERS,MENS_OUTERWEAR_SWEATER_LIKE
GAP MENS,MENS SWEATERS,VESTS,MENS_OUTERWEAR_SWEATER_LIKE
GAP MENS,MENS SWEATERS,COTTON,MENS_OUTERWEAR_SWEATER_LIKE
GAP MENS,MENS SWEATERS,OTHER,MENS_OUTERWEAR_SWEATER_LIKE
GAP MENS,MENS OUTERWEAR,FLEECE,MENS_OUTERWEAR_SWEATER_LIKE
GAP MENS,MENS FIT,FLEECE TOPS,MENS_OUTERWEAR_SWEATER_LIKE
GAP MENS,MENS DENIM,5 POCKET,MENS_DENIM
GAP MENS,MENS DENIM,FASHION DENIM,MENS_DENIM
GAP MENS,MENS DENIM,MENS NON-INDIGO,MENS_DENIM
GAP MENS,MENS DENIM,SHIRTS,MENS_DENIM
GAP MENS,MENS DENIM,SHORTS,MENS_DENIM
GAP MENS,MENS DENIM,DENIM JACKETS,MENS_DENIM
GAP MENS,MENS DENIM,MENS 1969,MENS_DENIM
GAP MENS,MENS BOTTOMS,FASHION BOTTOMS,MENS_BOTTOM_WOVEN
GAP MENS,MENS BOTTOMS,ACTIVE BOTTOMS,MENS_BOTTOM_WOVEN
GAP MENS,MENS BOTTOMS,BASICS,MENS_BOTTOM_WOVEN
GAP MENS,MENS FIT,SHORTS,MENS_BOTTOM_HALF
GAP MENS,MENS BOTTOMS,SHORTS,MENS_BOTTOM_HALF
ACCESSORIES,MENS ACCESSORIES,MENS SOCKS,MENS_ACCESSORIES_WEARABLES
ACCESSORIES,MENS ACCESSORIES,SHOES,MENS_ACCESSORIES_WEARABLES
ACCESSORIES,MENS ACCESSORIES,MENS RED ACCESSORIES,MENS_ACCESSORIES_WEARABLES
ACCESSORIES,MENS ACCESSORIES,MENS BELTS,MENS_ACCESSORIES_WEARABLES
ACCESSORIES,MENS ACCESSORIES,MENS HATS,MENS_ACCESSORIES_WEARABLES
ACCESSORIES,MENS ACCESSORIES,KEDS,MENS_ACCESSORIES_WEARABLES
ACCESSORIES,MENS BODY,BOXER BRIEF,MENS_ACCESSORIES_WEARABLES
ACCESSORIES,MENS BODY,LOUNGE,MENS_ACCESSORIES_WEARABLES
ACCESSORIES,MENS BODY,BOXERS,MENS_ACCESSORIES_WEARABLES
ACCESSORIES,MENS BODY,PACKAGED UNDERWEAR,MENS_ACCESSORIES_WEARABLES
ACCESSORIES,SUNGLASSES,MENS SUNGLASSES,MENS_ACCESSORIES_WEARABLES
ACCESSORIES,MENS ACCESSORIES,MENS BAGS,MENS_ACCESSORIES_OTHER
ACCESSORIES,MENS ACCESSORIES,MISCELLANEOUS,MENS_ACCESSORIES_OTHER
ACCESSORIES,MENS ACCESSORIES,SEASONAL ACCESSORIES,MENS_ACCESSORIES_OTHER
GAP WOMENS,WOMENS WOVEN TOPS,S/S TOPS,WOMENS_TOPS_WOVEN
GAP WOMENS,WOMENS WOVEN TOPS,SLEEVELESS,WOMENS_TOPS_WOVEN
GAP WOMENS,WOMENS WOVEN TOPS,L/S TOPS,WOMENS_TOPS_WOVEN
GAP WOMENS,WOMENS KNITS,L/S KNITS,WOMENS_TOPS_KNITS
GAP WOMENS,WOMENS KNITS,SLEEVELESS,WOMENS_TOPS_KNITS
GAP WOMENS,WOMENS KNITS,WOMENS RED KNITS/ACTIV,WOMENS_TOPS_KNITS
GAP WOMENS,WOMENS KNITS,ACTIVE TOPS,WOMENS_TOPS_KNITS
GAP WOMENS,WOMENS KNITS,S/S KNITS,WOMENS_TOPS_KNITS
GAP WOMENS,WOMENS OUTERWEAR/ITEMS,DENIM,WOMENS_OUTERWEAR_JACKET_LIKE
GAP WOMENS,WOMENS OUTERWEAR/ITEMS,JACKETS,WOMENS_OUTERWEAR_JACKET_LIKE
GAP WOMENS,WOMENS OUTERWEAR/ITEMS,VESTS,WOMENS_OUTERWEAR_JACKET_LIKE
GAP WOMENS,WOMENS OUTERWEAR/ITEMS,WOMENS RED OUTR/ITEMS,WOMENS_OUTERWEAR_JACKET_LIKE
GAP WOMENS,WOMENS SWEATERS,ITEMS,WOMENS_OUTERWEAR_SWEATER_LIKE
GAP WOMENS,WOMENS SWEATERS,LONG SLEEVE,WOMENS_OUTERWEAR_SWEATER_LIKE
GAP WOMENS,WOMENS SWEATERS,VESTS,WOMENS_OUTERWEAR_SWEATER_LIKE
GAP WOMENS,WOMENS SWEATERS,SLEEVELESS,WOMENS_OUTERWEAR_SWEATER_LIKE
GAP WOMENS,WOMENS SWEATERS,SHORT SLEEVE,WOMENS_OUTERWEAR_SWEATER_LIKE
GAP WOMENS,WOMENS SWEATERS,WOMENS RED SWEATERS,WOMENS_OUTERWEAR_SWEATER_LIKE
GAP WOMENS,WOMENS DENIM,1969,WOMENS_DENIM
GAP WOMENS,WOMENS DENIM,BASIC 5 POCKET,WOMENS_DENIM
GAP WOMENS,WOMENS DENIM,DRESS,WOMENS_DENIM
GAP WOMENS,WOMENS DENIM,FASHION DENIM,WOMENS_DENIM
GAP WOMENS,WOMENS DENIM,OVERALLS/SHORTALLS,WOMENS_DENIM
GAP WOMENS,WOMENS DENIM,SHORTS,WOMENS_DENIM
GAP WOMENS,WOMENS DENIM,WOMENS RED DENIM,WOMENS_DENIM
GAP WOMENS,WOMENS DENIM,CAPRIS/CROPPED,WOMENS_DENIM
GAP WOMENS,WOMENS DENIM,DENIM JACKETS,WOMENS_DENIM
GAP WOMENS,WOMENS DENIM,DENIM WOVEN TOPS,WOMENS_DENIM
GAP WOMENS,WOMENS DENIM,SKIRTS,WOMENS_DENIM
GAP WOMENS,WOMENS BOTTOMS,CAPRIS/CROPPED,WOMENS_BOTTOMS_PANT_SHORT_LIKE
GAP WOMENS,WOMENS BOTTOMS,LEATHER/SUEDE,WOMENS_BOTTOMS_PANT_SHORT_LIKE
GAP WOMENS,WOMENS BOTTOMS,LONG PANTS,WOMENS_BOTTOMS_PANT_SHORT_LIKE
GAP WOMENS,WOMENS BOTTOMS,SHORTS,WOMENS_BOTTOMS_PANT_SHORT_LIKE
GAP WOMENS,WOMENS KNITS,ACTIVE BOTTOMS,WOMENS_BOTTOMS_PANT_SHORT_LIKE
GAP WOMENS,WOMENS BOTTOMS,SKIRTS,WOMENS_BOTTOMS_SKIRT_LIKE
GAP WOMENS,WOMENS BOTTOMS,DRESSES,WOMENS_DRESSES
GAP WOMENS,WOMENS KNITS,KNIT DRESSING,WOMENS_DRESSES
GAP WOMENS,WOMENS OUTERWEAR/ITEMS,DRESSES,WOMENS_DRESSES
GAP WOMENS,SWIM WEAR,SWIM OTHER,WOMENS_SWIMWEAR
GAP WOMENS,SWIM WEAR,SWIM TOPS,WOMENS_SWIMWEAR
GAP WOMENS,SWIM WEAR,SWIM 1PC,WOMENS_SWIMWEAR
GAP WOMENS,SWIM WEAR,SWIM BOTTOMS,WOMENS_SWIMWEAR
ACCESSORIES,SUNGLASSES,WOMENS SUNGLASSES,WOMENS_ACCESSORIES_WEARABLES
ACCESSORIES,WOMENS ACCESSORIES,MISCELLANEOUS,WOMENS_ACCESSORIES_WEARABLES
ACCESSORIES,WOMENS ACCESSORIES,SEASONAL ACCESSORIES,WOMENS_ACCESSORIES_WEARABLES
ACCESSORIES,WOMENS ACCESSORIES,SHOES,WOMENS_ACCESSORIES_WEARABLES
ACCESSORIES,WOMENS ACCESSORIES,WOMEN S KEDS,WOMENS_ACCESSORIES_WEARABLES
ACCESSORIES,WOMENS ACCESSORIES,WOMENS SCARVES,WOMENS_ACCESSORIES_WEARABLES
ACCESSORIES,WOMENS ACCESSORIES,WOMENS SOCKS,WOMENS_ACCESSORIES_WEARABLES
ACCESSORIES,WOMENS ACCESSORIES,WOMENS TIGHTS,WOMENS_ACCESSORIES_WEARABLES
ACCESSORIES,WOMENS ACCESSORIES,WOMENS BELTS,WOMENS_ACCESSORIES_WEARABLES
ACCESSORIES,WOMENS ACCESSORIES,WOMENS HAIR,WOMENS_ACCESSORIES_WEARABLES
ACCESSORIES,WOMENS ACCESSORIES,WOMENS HATS,WOMENS_ACCESSORIES_WEARABLES
ACCESSORIES,WOMENS ACCESSORIES,JEWELRY,WOMENS_ACCESSORIES_JEWELRY_BAGS
ACCESSORIES,WOMENS ACCESSORIES,WOMENS BAGS,WOMENS_ACCESSORIES_JEWELRY_BAGS
ACCESSORIES,JEWELRY,HAIR,WOMENS_ACCESSORIES_JEWELRY_BAGS
ACCESSORIES,JEWELRY,BRACELETS,WOMENS_ACCESSORIES_JEWELRY_BAGS
ACCESSORIES,JEWELRY,NECKLACES,WOMENS_ACCESSORIES_JEWELRY_BAGS
BABY,BABY BOY,DENIM BOTTOMS,BABY_BOY_BOTTOMS
BABY,BABY BOY,WOVEN BOTTOMS,BABY_BOY_BOTTOMS
BABY,BABY BOY,KNIT BOTTOMS,BABY_BOY_BOTTOMS
BABY,BABY BOY,TOPS,BABY_BOY_TOPS
BABY,BABY BOY,ACTIVE/LAYERING TOPS,BABY_BOY_TOPS
BABY,BABY BOY,SWEATERS,BABY_BOY_OUTERWEAR
BABY,BABY BOY,OUTERWEAR,BABY_BOY_OUTERWEAR
BABY,BABY BOY,SWIM,BABY_BOY_SWIM
BABY,BABY BOY,BODYSUITS,BABY_BOY_ONEPIECE_LIKE
BABY,BABY BOY,OVERALLS,BABY_BOY_ONEPIECE_LIKE
BABY,BABY BOY,ONE PIECES,BABY_BOY_ONEPIECE_LIKE
BABY,BABY BOY,SOCKS,BABY_BOY_OTHER_WEARABLES
BABY,BABY BOY,SHOES,BABY_BOY_OTHER_WEARABLES
BABY,BABY BOY,HATS,BABY_BOY_OTHER_WEARABLES
BABY,BABY BOY,OTHER,BABY_BOY_OTHER_WEARABLES
BABY,TODDLER ACCESSORIES,INFANT BOY HATS,BABY_BOY_OTHER_WEARABLES
BABY,TODDLER ACCESSORIES,INFANT BOY OTHER,BABY_BOY_OTHER_WEARABLES
BABY,TODDLER ACCESSORIES,INFANT BOY SHOES,BABY_BOY_OTHER_WEARABLES
BABY,TODDLER ACCESSORIES,INFANT BOY SOCKS,BABY_BOY_OTHER_WEARABLES
BABY,BABY GIRL,DRESSES,BABY_GIRL_DRESSES
BABY,BABY GIRL,TOPS,BABY_GIRL_TOPS
BABY,BABY GIRL,ACTIVE/LAYERING TOPS,BABY_GIRL_TOPS
BABY,BABY GIRL,DENIM BOTTOMS,BABY_GIRL_BOTTOMS
BABY,BABY GIRL,WOVEN BOTTOMS,BABY_GIRL_BOTTOMS
BABY,BABY GIRL,KNIT BOTTOMS,BABY_GIRL_BOTTOMS
BABY,BABY GIRL,SWIM,BABY_GIRL_SWIM
BABY,BABY GIRL,SWEATERS,BABY_GIRL_OUTERWEAR
BABY,BABY GIRL,OUTERWEAR,BABY_GIRL_OUTERWEAR
BABY,BABY GIRL,BODYSUITS,BABY_GIRL_ONEPIECE_LIKE
BABY,BABY GIRL,ONE PIECES,BABY_GIRL_ONEPIECE_LIKE
BABY,BABY GIRL,SOCKS,BABY_GIRL_OTHER_WEARABLES
BABY,BABY GIRL,SHOES,BABY_GIRL_OTHER_WEARABLES
BABY,BABY GIRL,HATS,BABY_GIRL_OTHER_WEARABLES
BABY,BABY GIRL,OTHER,BABY_GIRL_OTHER_WEARABLES
BABY,TODDLER ACCESSORIES,INFANT GIRL HATS,BABY_GIRL_OTHER_WEARABLES
BABY,TODDLER ACCESSORIES,INFANT GIRL OTHER,BABY_GIRL_OTHER_WEARABLES
BABY,TODDLER ACCESSORIES,INFANT GIRL SHOES,BABY_GIRL_OTHER_WEARABLES
BABY,TODDLER ACCESSORIES,INFANT GIRL SOCKS,BABY_GIRL_OTHER_WEARABLES
BABY,TODDLER BOY KNITS,TOPS,TODDLER_BOY_TOPS
BABY,TODDLER BOY KNITS,ACTIVE/LAYERING TOPS,TODDLER_BOY_TOPS
BABY,TODDLER BOY KNITS,GRAPHICS,TODDLER_BOY_TOPS
BABY,TODDLER BOY WOVENS,TOPS,TODDLER_BOY_TOPS
BABY,TODDLER BOY KNITS,SWEATERS,TODDLER_BOY_OUTERWEAR
BABY,TODDLER BOY KNITS,OUTERWEAR,TODDLER_BOY_OUTERWEAR
BABY,TODDLER BOY WOVENS,OUTERWEAR,TODDLER_BOY_OUTERWEAR
BABY,TODDLER BOY WOVENS,OVERALLS,TODDLER_BOY_ONEPIECE_LIKE
BABY,TODDLER BOY WOVENS,SHORTALLS,TODDLER_BOY_ONEPIECE_LIKE
BABY,TODDLER BOY KNITS,PANTS,TODDLER_BOY_BOTTOMS
BABY,TODDLER BOY KNITS,SHORTS,TODDLER_BOY_BOTTOMS
BABY,TODDLER BOY WOVENS,PANTS,TODDLER_BOY_BOTTOMS
BABY,TODDLER BOY WOVENS,SHORTS,TODDLER_BOY_BOTTOMS
BABY,TODDLER BOY WOVENS,DENIM,TODDLER_BOY_DENIM
BABY,TODDLER BOY KNITS,SWIM,TODDLER_BOY_SWIM
BABY,TODDLER BOY WOVENS,SWIM,TODDLER_BOY_SWIM
BABY,TODDLER BOY KNITS,OTHER,TODDLER_BOY_OTHER
BABY,TODDLER BOY WOVENS,OTHER,TODDLER_BOY_OTHER
BABY,TODDLER ACCESSORIES,TODDLER BOY SOCKS,TODDLER_BOY_ACCESSORIES_WEARABLE
BABY,TODDLER ACCESSORIES,TODDLER BOY HATS,TODDLER_BOY_ACCESSORIES_WEARABLE
BABY,TODDLER ACCESSORIES,TODDLER BOY OTHER,TODDLER_BOY_ACCESSORIES_WEARABLE
BABY,TODDLER ACCESSORIES,TODDLER BOY SHOES,TODDLER_BOY_ACCESSORIES_WEARABLE
BABY,TODDLER GIRL KNITS,TOPS,TODDLER_GIRL_TOPS
BABY,TODDLER GIRL KNITS,ACTIVE/LAYERING TOPS,TODDLER_GIRL_TOPS
BABY,TODDLER GIRL KNITS,GRAPHIC/EMBROIDERED,TODDLER_GIRL_TOPS
BABY,TODDLER GIRL WOVENS,TOPS,TODDLER_GIRL_TOPS
BABY,TODDLER GIRL KNITS,SWEATERS,TODDLER_GIRL_OUTERWEAR
BABY,TODDLER GIRL KNITS,OUTERWEAR,TODDLER_GIRL_OUTERWEAR
BABY,TODDLER GIRL WOVENS,OUTERWEAR,TODDLER_GIRL_OUTERWEAR
BABY,TODDLER GIRL WOVENS,OVERALLS,TODDLER_GIRL_ONEPIECE_LIKE
BABY,TODDLER GIRL WOVENS,SHORTALLS,TODDLER_GIRL_ONEPIECE_LIKE
BABY,TODDLER GIRL KNITS,PANTS,TODDLER_GIRL_BOTTOMS
BABY,TODDLER GIRL KNITS,KNIT SHORT,TODDLER_GIRL_BOTTOMS
BABY,TODDLER GIRL WOVENS,PANTS,TODDLER_GIRL_BOTTOMS
BABY,TODDLER GIRL WOVENS,SHORTS,TODDLER_GIRL_BOTTOMS
BABY,TODDLER GIRL KNITS,DRESSES,TODDLER_GIRL_DRESSES_SKIRTS
BABY,TODDLER GIRL KNITS,SKIRTS/SKORTS,TODDLER_GIRL_DRESSES_SKIRTS
BABY,TODDLER GIRL WOVENS,DRESSES,TODDLER_GIRL_DRESSES_SKIRTS
BABY,TODDLER GIRL WOVENS,SKIRTS/SKORTS,TODDLER_GIRL_DRESSES_SKIRTS
BABY,TODDLER GIRL WOVENS,DENIM,TODDLER_GIRL_DENIM
BABY,TODDLER GIRL KNITS,SWIM,TODDLER_GIRL_SWIM
BABY,TODDLER ACCESSORIES,TODDLER GIRL SOCKS,TODDLER_GIRL_ACCESSORIES_WEARABLE
BABY,TODDLER ACCESSORIES,INFANT GIRL HATS,TODDLER_GIRL_ACCESSORIES_WEARABLE
BABY,TODDLER ACCESSORIES,INFANT GIRL OTHER,TODDLER_GIRL_ACCESSORIES_WEARABLE
BABY,TODDLER ACCESSORIES,INFANT GIRL SHOES,TODDLER_GIRL_ACCESSORIES_WEARABLE
BOYS,BOYS ACTIVE KNITS,VESTS,BOYS_TOPS
BOYS,BOYS ACTIVE KNITS,ACTIVE TOPS,BOYS_TOPS
BOYS,BOYS KNTS/SWEATERS,L/S KNITS,BOYS_TOPS
BOYS,BOYS KNTS/SWEATERS,SCREEN TEES,BOYS_TOPS
BOYS,BOYS KNTS/SWEATERS,TANKS,BOYS_TOPS
BOYS,BOYS KNTS/SWEATERS,VESTS,BOYS_TOPS
BOYS,BOYS KNTS/SWEATERS,S/S KNITS,BOYS_TOPS
BOYS,BOYS WOVEN ITEMS,LONG SLEEVE,BOYS_TOPS
BOYS,BOYS WOVEN ITEMS,SHORT SLEEVE,BOYS_TOPS
BOYS,BOYS ACTIVE KNITS,BOTTOMS,BOYS_BOTTOMS
BOYS,BOYS ACTIVE KNITS,SHORT,BOYS_BOTTOMS
BOYS,BOYS WOVEN BOTTOMS,BASIC WOVEN PANTS,BOYS_BOTTOMS
BOYS,BOYS WOVEN BOTTOMS,FASHION WOVEN PANTS,BOYS_BOTTOMS
BOYS,BOYS WOVEN BOTTOMS,BASIC WOVEN SHORTS,BOYS_BOTTOMS
BOYS,BOYS WOVEN BOTTOMS,FASHION WOVEN SHORTS,BOYS_BOTTOMS
BOYS,BOYS WOVEN BOTTOMS,FASHION JEANS,BOYS_DENIM
BOYS,BOYS WOVEN BOTTOMS,BASIC DENIM SHORTS,BOYS_DENIM
BOYS,BOYS WOVEN BOTTOMS,BASIC JEAN,BOYS_DENIM
BOYS,BOYS WOVEN BOTTOMS,FASHION DENIM SHORTS,BOYS_DENIM
BOYS,BOYS KNTS/SWEATERS,SWEATERS,BOYS_OUTERWEAR
BOYS,BOYS WOVEN BOTTOMS,SWIM,BOYS_OUTERWEAR
ACCESSORIES,BOYS ACCESSORIES,BAGS,BOYS_ACCESSORIES_OTHER
ACCESSORIES,BOYS ACCESSORIES,NON-APPAREL ITEMS,BOYS_ACCESSORIES_OTHER
ACCESSORIES,BOYS ACCESSORIES,OTHER,BOYS_ACCESSORIES_OTHER
ACCESSORIES,BOYS ACCESSORIES,APPAREL ITEMS,BOYS_ACCESSORIES_WEARABLES
ACCESSORIES,BOYS ACCESSORIES,SOCKS,BOYS_ACCESSORIES_WEARABLES
ACCESSORIES,BOYS ACCESSORIES,BELTS,BOYS_ACCESSORIES_WEARABLES
ACCESSORIES,BOYS ACCESSORIES,SHOES,BOYS_ACCESSORIES_WEARABLES
ACCESSORIES,BOYS ACCESSORIES,SUNGLASSES,BOYS_ACCESSORIES_WEARABLES
ACCESSORIES,BOYS ACCESSORIES,COLD WEATHER,BOYS_ACCESSORIES_WEARABLES
ACCESSORIES,BOYS ACCESSORIES,HATS,BOYS_ACCESSORIES_WEARABLES
ACCESSORIES,BOYS UNDERWEAR,LONG JOHNS,BOYS_ACCESSORIES_WEARABLES
ACCESSORIES,BOYS UNDERWEAR,OTHER,BOYS_ACCESSORIES_WEARABLES
ACCESSORIES,BOYS UNDERWEAR,SLEEPWEAR,BOYS_ACCESSORIES_WEARABLES
ACCESSORIES,BOYS UNDERWEAR,SLIPPERS,BOYS_ACCESSORIES_WEARABLES
ACCESSORIES,BOYS UNDERWEAR,BOXERS,BOYS_ACCESSORIES_WEARABLES
ACCESSORIES,BOYS UNDERWEAR,UNDERWEAR,BOYS_ACCESSORIES_WEARABLES
ACCESSORIES,BOYS UNDERWEAR,UNDERWEAR TOPS,BOYS_ACCESSORIES_WEARABLES
GIRLS,GIRLS ACTIVE KNITS,TOPS,GIRLS_TOPS
GIRLS,GIRLS KNITS/SWEATERS,SLEEVELESS,GIRLS_TOPS
GIRLS,GIRLS KNITS/SWEATERS,LONG SLEEVE TOPS,GIRLS_TOPS
GIRLS,GIRLS KNITS/SWEATERS,SHORT SLEEVE TOPS,GIRLS_TOPS
GIRLS,GIRLS ACTIVE KNITS,BOTTOMS,GIRLS_TOPS
GIRLS,GIRLS ACTIVE KNITS,SHORTS,GIRLS_TOPS
GIRLS,GIRLS WOVEN BOTTOMS,BASIC WOVEN PANT,GIRLS_BOTTOMS
GIRLS,GIRLS WOVEN BOTTOMS,FASHION WOVEN CAPRI,GIRLS_BOTTOMS
GIRLS,GIRLS WOVEN BOTTOMS,FASHION WOVEN PANT,GIRLS_BOTTOMS
GIRLS,GIRLS WOVEN BOTTOMS,WOVEN SHORTS,GIRLS_BOTTOMS
GIRLS,GIRLS ACTIVE KNITS,DRESSES,GIRLS_DRESSES_SKIRTS
GIRLS,GIRLS ACTIVE KNITS,SKIRTS,GIRLS_DRESSES_SKIRTS
GIRLS,GIRLS WOVEN BOTTOMS,BASIC JEAN,GIRLS_DENIM
GIRLS,GIRLS WOVEN BOTTOMS,DENIM CAPRI,GIRLS_DENIM
GIRLS,GIRLS WOVEN BOTTOMS,DENIM SHORTS,GIRLS_DENIM
GIRLS,GIRLS WOVEN BOTTOMS,FASHION JEAN,GIRLS_DENIM
GIRLS,GIRLS KNITS/SWEATERS,SWEATERS,GIRLS_OUTERWEAR
GIRLS,GIRLS WOVEN BOTTOMS,SHORTALLS/OVERALLS,GIRLS_OUTERWEAR
GIRLS,GIRLS ACTIVE KNITS,SWIMWEAR,GIRLS_SWIM
GIRLS,KIDS/BBY/MATRNTY RED,BOYS RED,GIRLS_MATERNITY
GIRLS,KIDS/BBY/MATRNTY RED,GIRLS RED,GIRLS_MATERNITY
GIRLS,KIDS/BBY/MATRNTY RED,KIDS RED ACCESSORIES,GIRLS_MATERNITY
GIRLS,KIDS/BBY/MATRNTY RED,MATERNITY RED,GIRLS_MATERNITY
GIRLS,KIDS/BBY/MATRNTY RED,BABY RED,GIRLS_MATERNITY
ACCESSORIES,GIRLS ACCESSORIES,BAGS,GIRLS_ACCESSORIES_OTHER
ACCESSORIES,GIRLS ACCESSORIES,NON-APPAREL ITEMS,GIRLS_ACCESSORIES_OTHER
ACCESSORIES,GIRLS ACCESSORIES,APPAREL ITEMS,GIRLS_ACCESSORIES_WEARABLES
ACCESSORIES,GIRLS ACCESSORIES, SOCKS,GIRLS_ACCESSORIES_WEARABLES
ACCESSORIES,GIRLS ACCESSORIES,TIGHTS,GIRLS_ACCESSORIES_WEARABLES
ACCESSORIES,GIRLS ACCESSORIES,BELTS,GIRLS_ACCESSORIES_WEARABLES
ACCESSORIES,GIRLS ACCESSORIES,COLD WEATHER,GIRLS_ACCESSORIES_WEARABLES
ACCESSORIES,GIRLS ACCESSORIES,HATS,GIRLS_ACCESSORIES_WEARABLES
ACCESSORIES,GIRLS ACCESSORIES,SHOES,GIRLS_ACCESSORIES_WEARABLES
ACCESSORIES,GIRLS ACCESSORIES,SUNGLASSES,GIRLS_ACCESSORIES_WEARABLES
ACCESSORIES,GIRLS UNDERWEAR,LONGJOHNS,GIRLS_ACCESSORIES_WEARABLES
ACCESSORIES,GIRLS UNDERWEAR,SLEEPWEAR,GIRLS_ACCESSORIES_WEARABLES
ACCESSORIES,GIRLS UNDERWEAR,SLIPPERS,GIRLS_ACCESSORIES_WEARABLES
ACCESSORIES,GIRLS UNDERWEAR,BOXERS,GIRLS_ACCESSORIES_WEARABLES
ACCESSORIES,GIRLS UNDERWEAR,UNDERWEAR,GIRLS_ACCESSORIES_WEARABLES
ACCESSORIES,GIRLS UNDERWEAR,UNDERWEAR TOPS,GIRLS_ACCESSORIES_WEARABLES
MATERNITY,TOPS,WOVENS,MATERNITY_TOPS
MATERNITY,TOPS,ACTIVE TOPS,MATERNITY_TOPS
MATERNITY,TOPS,KNITS,MATERNITY_TOPS
MATERNITY,ACTIVE,TOPS,MATERNITY_TOPS
MATERNITY,BOTTOMS,SHORTS,MATERNITY_BOTTOMS
MATERNITY,BOTTOMS,DENIM,MATERNITY_BOTTOMS
MATERNITY,BOTTOMS,PANTS,MATERNITY_BOTTOMS
MATERNITY,BOTTOMS,OVERALLS,MATERNITY_BOTTOMS
MATERNITY,BOTTOMS,CAPRIS,MATERNITY_BOTTOMS
MATERNITY,BOTTOMS,ACTIVE BOTTOMS,MATERNITY_BOTTOMS
MATERNITY,ACTIVE,BOTTOMS,MATERNITY_BOTTOMS
MATERNITY,TOPS,SWEATERS,MATERNITY_OUTERWEAR
MATERNITY,TOPS,OUTERWEAR,MATERNITY_OUTERWEAR
MATERNITY,ITEMS,OUTERWEAR,MATERNITY_OUTERWEAR
MATERNITY,TOPS,DRESSES,MATERNITY_DRESSES_SKIRTS
MATERNITY,ITEMS,DRESSES,MATERNITY_DRESSES_SKIRTS
MATERNITY,BOTTOMS,SKIRTS,MATERNITY_DRESSES_SKIRTS
MATERNITY,TOPS,SWIMWEAR,MATERNITY_SWIM
MATERNITY,ACTIVE,SWIMWEAR,MATERNITY_SWIM
MATERNITY,BODY,UNDERWEAR,MATERNITY_BODY
MATERNITY,BODY,SLEEPWEAR,MATERNITY_BODY
MATERNITY,BODY,FOUNDATIONS,MATERNITY_BODY
